url_path,views_total,views_unique
/CBICA/DLMUSE,14,11
/CBICA/DLMUSE/tree/main/DLMUSE,3,3
/CBICA/DLMUSE/blob/main/DLMUSE/__main__.py,2,2
/CBICA/DLMUSE/blob/main/DLMUSE/dlmuse_pipeline.py,2,2
/CBICA/DLMUSE/blob/main/DLMUSE/nnunet_preprocessed/Dataset903_Task903_DLMUSEV2/dataset.json,2,2
/CBICA/DLMUSE/blob/main/DLMUSE/nnunet_preprocessed/Dataset903_Task903_DLMUSEV2/dataset_fingerprint.json,2,2
/CBICA/DLMUSE/blob/main/DLMUSE/nnunet_raw/Dataset903_Task903_DLMUSEV2/dataset.json,2,2
/CBICA/DLMUSE/tree/main/DLMUSE/nnunet_raw/Dataset903_Task903_DLMUSEV2,2,2
/CBICA/DLMUSE/actions/runs/17687914724/workflow,1,1
/CBICA/DLMUSE/blob/main/.gitattributes,1,1
